<?xml version='1.0' encoding='utf-8'?>
<project xmlns="http://www.plcopen.org/xml/tc6_0201" xmlns:xsd="http://www.w3.org/2001/XMLSchema" xmlns:xhtml="http://www.w3.org/1999/xhtml" xmlns:ns1="http://www.plcopen.org/xml/tc6_0201">
  <fileHeader companyName="Unknown" productName="Unnamed" productVersion="1" creationDateTime="2025-03-31T23:28:39"/>
  <contentHeader name="Unnamed" modificationDateTime="2025-04-02T01:01:47">
    <coordinateInfo>
      <fbd>
        <scaling x="10" y="10"/>
      </fbd>
      <ld>
        <scaling x="10" y="10"/>
      </ld>
      <sfc>
        <scaling x="10" y="10"/>
      </sfc>
    </coordinateInfo>
  </contentHeader>
  <types>
    <dataTypes/>
    <pous>
      <pou name="parcial_2" pouType="program">
        <interface>
          <localVars>
            <variable name="I0" address="%IX0.0">
              <type>
                <BOOL/>
              </type>
              <documentation>
                <xhtml:p><![CDATA[START PB ]]></xhtml:p>
              </documentation>
            </variable>
            <variable name="I1" address="%IX0.1">
              <type>
                <BOOL/>
              </type>
              <documentation>
                <xhtml:p><![CDATA[STOP PB]]></xhtml:p>
              </documentation>
            </variable>
            <variable name="I2" address="%IX0.2">
              <type>
                <BOOL/>
              </type>
              <documentation>
                <xhtml:p><![CDATA[Start Button Detector]]></xhtml:p>
              </documentation>
            </variable>
            <variable name="I3" address="%IX0.3">
              <type>
                <BOOL/>
              </type>
              <documentation>
                <xhtml:p><![CDATA[Proximity Detector]]></xhtml:p>
              </documentation>
            </variable>
            <variable name="Q1" address="%QX0.1">
              <type>
                <BOOL/>
              </type>
              <documentation>
                <xhtml:p><![CDATA[Paper Cup Outlet]]></xhtml:p>
              </documentation>
            </variable>
            <variable name="Q0" address="%QX0.0">
              <type>
                <BOOL/>
              </type>
              <documentation>
                <xhtml:p><![CDATA[System On]]></xhtml:p>
              </documentation>
            </variable>
            <variable name="Q2" address="%QX0.2">
              <type>
                <BOOL/>
              </type>
              <documentation>
                <xhtml:p><![CDATA[Coffee Outlet]]></xhtml:p>
              </documentation>
            </variable>
            <variable name="Q3" address="%QX0.3">
              <type>
                <BOOL/>
              </type>
              <documentation>
                <xhtml:p><![CDATA[Hot Water Outlet ]]></xhtml:p>
              </documentation>
            </variable>
            <variable name="Q4" address="%QW0.2">
              <type>
                <WORD/>
              </type>
              <documentation>
                <xhtml:p><![CDATA[Agitator]]></xhtml:p>
              </documentation>
            </variable>
            <variable name="Q5" address="%QW0.1">
              <type>
                <WORD/>
              </type>
              <documentation>
                <xhtml:p><![CDATA[Ready-Made Coffee Outlet]]></xhtml:p>
              </documentation>
            </variable>
          </localVars>
          <localVars>
            <variable name="R_TRIG0">
              <type>
                <derived name="R_TRIG"/>
              </type>
            </variable>
            <variable name="TON0">
              <type>
                <derived name="TON"/>
              </type>
            </variable>
            <variable name="RetardoDispensador">
              <type>
                <TIME/>
              </type>
              <initialValue>
                <simpleValue value="T#3000ms"/>
              </initialValue>
            </variable>
            <variable name="RetardoAgitador">
              <type>
                <TIME/>
              </type>
              <initialValue>
                <simpleValue value="T#5000ms"/>
              </initialValue>
            </variable>
            <variable name="RetardoVerter">
              <type>
                <TIME/>
              </type>
              <initialValue>
                <simpleValue value="T#4000ms"/>
              </initialValue>
            </variable>
            <variable name="M1">
              <type>
                <BOOL/>
              </type>
              <documentation>
                <xhtml:p><![CDATA[Water and Coffee Already Done]]></xhtml:p>
              </documentation>
            </variable>
            <variable name="M2">
              <type>
                <BOOL/>
              </type>
              <documentation>
                <xhtml:p><![CDATA[Agitador Ready]]></xhtml:p>
              </documentation>
            </variable>
            <variable name="EnableAnalog">
              <type>
                <INT/>
              </type>
              <initialValue>
                <simpleValue value="1000"/>
              </initialValue>
            </variable>
            <variable name="DisableAnalog">
              <type>
                <INT/>
              </type>
              <initialValue>
                <simpleValue value="0"/>
              </initialValue>
            </variable>
            <variable name="TON1">
              <type>
                <derived name="TON"/>
              </type>
            </variable>
            <variable name="TON3">
              <type>
                <derived name="TON"/>
              </type>
            </variable>
          </localVars>
        </interface>
        <body>
          <LD>
            <leftPowerRail localId="1" width="10" height="800">
              <position x="40" y="40"/>
              <connectionPointOut formalParameter="">
                <relPosition x="10" y="20"/>
              </connectionPointOut>
              <connectionPointOut formalParameter="">
                <relPosition x="10" y="60"/>
              </connectionPointOut>
              <connectionPointOut formalParameter="">
                <relPosition x="10" y="100"/>
              </connectionPointOut>
              <connectionPointOut formalParameter="">
                <relPosition x="10" y="140"/>
              </connectionPointOut>
              <connectionPointOut formalParameter="">
                <relPosition x="10" y="180"/>
              </connectionPointOut>
              <connectionPointOut formalParameter="">
                <relPosition x="10" y="220"/>
              </connectionPointOut>
              <connectionPointOut formalParameter="">
                <relPosition x="10" y="260"/>
              </connectionPointOut>
              <connectionPointOut formalParameter="">
                <relPosition x="10" y="300"/>
              </connectionPointOut>
              <connectionPointOut formalParameter="">
                <relPosition x="10" y="340"/>
              </connectionPointOut>
              <connectionPointOut formalParameter="">
                <relPosition x="10" y="380"/>
              </connectionPointOut>
              <connectionPointOut formalParameter="">
                <relPosition x="10" y="420"/>
              </connectionPointOut>
              <connectionPointOut formalParameter="">
                <relPosition x="10" y="460"/>
              </connectionPointOut>
              <connectionPointOut formalParameter="">
                <relPosition x="10" y="500"/>
              </connectionPointOut>
              <connectionPointOut formalParameter="">
                <relPosition x="10" y="540"/>
              </connectionPointOut>
              <connectionPointOut formalParameter="">
                <relPosition x="10" y="580"/>
              </connectionPointOut>
              <connectionPointOut formalParameter="">
                <relPosition x="10" y="620"/>
              </connectionPointOut>
              <connectionPointOut formalParameter="">
                <relPosition x="10" y="660"/>
              </connectionPointOut>
              <connectionPointOut formalParameter="">
                <relPosition x="10" y="700"/>
              </connectionPointOut>
              <connectionPointOut formalParameter="">
                <relPosition x="10" y="740"/>
              </connectionPointOut>
              <connectionPointOut formalParameter="">
                <relPosition x="10" y="780"/>
              </connectionPointOut>
            </leftPowerRail>
            <rightPowerRail localId="2" width="10" height="800">
              <position x="830" y="40"/>
              <connectionPointIn>
                <relPosition x="0" y="20"/>
                <connection refLocalId="5">
                  <position x="830" y="60"/>
                  <position x="621" y="60"/>
                </connection>
              </connectionPointIn>
              <connectionPointIn>
                <relPosition x="0" y="60"/>
              </connectionPointIn>
              <connectionPointIn>
                <relPosition x="0" y="100"/>
                <connection refLocalId="10">
                  <position x="830" y="140"/>
                  <position x="621" y="140"/>
                </connection>
              </connectionPointIn>
              <connectionPointIn>
                <relPosition x="0" y="140"/>
                <connection refLocalId="11">
                  <position x="830" y="180"/>
                  <position x="621" y="180"/>
                </connection>
              </connectionPointIn>
              <connectionPointIn>
                <relPosition x="0" y="180"/>
                <connection refLocalId="21">
                  <position x="830" y="220"/>
                  <position x="621" y="220"/>
                </connection>
              </connectionPointIn>
              <connectionPointIn>
                <relPosition x="0" y="220"/>
              </connectionPointIn>
              <connectionPointIn>
                <relPosition x="0" y="260"/>
              </connectionPointIn>
              <connectionPointIn>
                <relPosition x="0" y="300"/>
                <connection refLocalId="19">
                  <position x="830" y="340"/>
                  <position x="621" y="340"/>
                </connection>
              </connectionPointIn>
              <connectionPointIn>
                <relPosition x="0" y="340"/>
                <connection refLocalId="20">
                  <position x="830" y="380"/>
                  <position x="621" y="380"/>
                </connection>
              </connectionPointIn>
              <connectionPointIn>
                <relPosition x="0" y="380"/>
                <connection refLocalId="14">
                  <position x="830" y="420"/>
                  <position x="621" y="420"/>
                </connection>
              </connectionPointIn>
              <connectionPointIn>
                <relPosition x="0" y="420"/>
                <connection refLocalId="22">
                  <position x="830" y="460"/>
                  <position x="621" y="460"/>
                </connection>
              </connectionPointIn>
              <connectionPointIn>
                <relPosition x="0" y="460"/>
              </connectionPointIn>
              <connectionPointIn>
                <relPosition x="0" y="500"/>
              </connectionPointIn>
              <connectionPointIn>
                <relPosition x="0" y="540"/>
              </connectionPointIn>
              <connectionPointIn>
                <relPosition x="0" y="580"/>
              </connectionPointIn>
              <connectionPointIn>
                <relPosition x="0" y="620"/>
              </connectionPointIn>
              <connectionPointIn>
                <relPosition x="0" y="660"/>
              </connectionPointIn>
              <connectionPointIn>
                <relPosition x="0" y="700"/>
              </connectionPointIn>
              <connectionPointIn>
                <relPosition x="0" y="740"/>
              </connectionPointIn>
              <connectionPointIn>
                <relPosition x="0" y="780"/>
              </connectionPointIn>
            </rightPowerRail>
            <contact localId="3" negated="true" width="21" height="20">
              <position x="120" y="50"/>
              <connectionPointIn>
                <relPosition x="0" y="10"/>
                <connection refLocalId="1">
                  <position x="120" y="60"/>
                  <position x="50" y="60"/>
                </connection>
              </connectionPointIn>
              <connectionPointOut>
                <relPosition x="21" y="10"/>
              </connectionPointOut>
              <variable>I1</variable>
            </contact>
            <contact localId="4" negated="false" width="21" height="20">
              <position x="230" y="50"/>
              <connectionPointIn>
                <relPosition x="0" y="10"/>
                <connection refLocalId="3">
                  <position x="230" y="60"/>
                  <position x="141" y="60"/>
                </connection>
              </connectionPointIn>
              <connectionPointOut>
                <relPosition x="21" y="10"/>
              </connectionPointOut>
              <variable>I0</variable>
            </contact>
            <coil localId="5" negated="false" width="21" height="20">
              <position x="600" y="50"/>
              <connectionPointIn>
                <relPosition x="0" y="10"/>
                <connection refLocalId="4">
                  <position x="600" y="60"/>
                  <position x="251" y="60"/>
                </connection>
              </connectionPointIn>
              <connectionPointOut>
                <relPosition x="21" y="10"/>
              </connectionPointOut>
              <variable>Q0</variable>
            </coil>
            <contact localId="6" negated="false" width="21" height="20">
              <position x="120" y="130"/>
              <connectionPointIn>
                <relPosition x="0" y="10"/>
                <connection refLocalId="1">
                  <position x="120" y="140"/>
                  <position x="50" y="140"/>
                </connection>
              </connectionPointIn>
              <connectionPointOut>
                <relPosition x="21" y="10"/>
              </connectionPointOut>
              <variable>I0</variable>
            </contact>
            <contact localId="7" negated="false" width="21" height="20" executionOrderId="0">
              <position x="200" y="130"/>
              <connectionPointIn>
                <relPosition x="0" y="10"/>
                <connection refLocalId="6">
                  <position x="200" y="140"/>
                  <position x="141" y="140"/>
                </connection>
              </connectionPointIn>
              <connectionPointOut>
                <relPosition x="21" y="10"/>
              </connectionPointOut>
              <variable>Q0</variable>
            </contact>
            <contact localId="8" negated="false" width="21" height="20" executionOrderId="0">
              <position x="270" y="130"/>
              <connectionPointIn>
                <relPosition x="0" y="10"/>
                <connection refLocalId="7">
                  <position x="270" y="140"/>
                  <position x="221" y="140"/>
                </connection>
              </connectionPointIn>
              <connectionPointOut>
                <relPosition x="21" y="10"/>
              </connectionPointOut>
              <variable>I2</variable>
            </contact>
            <block localId="9" typeName="R_TRIG" instanceName="R_TRIG0" width="60" height="40">
              <position x="360" y="130"/>
              <inputVariables>
                <variable formalParameter="CLK">
                  <connectionPointIn>
                    <relPosition x="0" y="30"/>
                    <connection refLocalId="8">
                      <position x="360" y="160"/>
                      <position x="325" y="160"/>
                      <position x="325" y="140"/>
                      <position x="291" y="140"/>
                    </connection>
                  </connectionPointIn>
                </variable>
              </inputVariables>
              <inOutVariables/>
              <outputVariables>
                <variable formalParameter="Q">
                  <connectionPointOut>
                    <relPosition x="60" y="30"/>
                  </connectionPointOut>
                </variable>
              </outputVariables>
            </block>
            <coil localId="10" negated="false" storage="set" width="21" height="20">
              <position x="600" y="130"/>
              <connectionPointIn>
                <relPosition x="0" y="10"/>
                <connection refLocalId="9" formalParameter="Q">
                  <position x="600" y="140"/>
                  <position x="520" y="140"/>
                  <position x="520" y="160"/>
                  <position x="420" y="160"/>
                </connection>
              </connectionPointIn>
              <connectionPointOut>
                <relPosition x="21" y="10"/>
              </connectionPointOut>
              <variable>Q1</variable>
            </coil>
            <coil localId="11" negated="false" storage="set" width="21" height="20" executionOrderId="0">
              <position x="600" y="170"/>
              <connectionPointIn>
                <relPosition x="0" y="10"/>
                <connection refLocalId="9" formalParameter="Q">
                  <position x="600" y="180"/>
                  <position x="520" y="180"/>
                  <position x="520" y="160"/>
                  <position x="420" y="160"/>
                </connection>
              </connectionPointIn>
              <connectionPointOut>
                <relPosition x="21" y="10"/>
              </connectionPointOut>
              <variable>Q2</variable>
            </coil>
            <contact localId="12" negated="false" width="21" height="20" executionOrderId="0">
              <position x="110" y="330"/>
              <connectionPointIn>
                <relPosition x="0" y="10"/>
                <connection refLocalId="1">
                  <position x="110" y="340"/>
                  <position x="50" y="340"/>
                </connection>
              </connectionPointIn>
              <connectionPointOut>
                <relPosition x="21" y="10"/>
              </connectionPointOut>
              <variable>I0</variable>
            </contact>
            <contact localId="13" negated="false" width="21" height="20" executionOrderId="0">
              <position x="190" y="330"/>
              <connectionPointIn>
                <relPosition x="0" y="10"/>
                <connection refLocalId="12">
                  <position x="190" y="340"/>
                  <position x="131" y="340"/>
                </connection>
              </connectionPointIn>
              <connectionPointOut>
                <relPosition x="21" y="10"/>
              </connectionPointOut>
              <variable>Q1</variable>
            </contact>
            <contact localId="15" negated="false" width="21" height="20" executionOrderId="0">
              <position x="270" y="330"/>
              <connectionPointIn>
                <relPosition x="0" y="10"/>
                <connection refLocalId="13">
                  <position x="270" y="340"/>
                  <position x="211" y="340"/>
                </connection>
              </connectionPointIn>
              <connectionPointOut>
                <relPosition x="21" y="10"/>
              </connectionPointOut>
              <variable>Q2</variable>
            </contact>
            <block localId="16" typeName="TON" instanceName="TON0" width="50" height="60">
              <position x="400" y="310"/>
              <inputVariables>
                <variable formalParameter="IN">
                  <connectionPointIn>
                    <relPosition x="0" y="30"/>
                    <connection refLocalId="15">
                      <position x="400" y="340"/>
                      <position x="291" y="340"/>
                    </connection>
                  </connectionPointIn>
                </variable>
                <variable formalParameter="PT">
                  <connectionPointIn>
                    <relPosition x="0" y="50"/>
                    <connection refLocalId="17">
                      <position x="400" y="360"/>
                      <position x="390" y="360"/>
                      <position x="390" y="380"/>
                      <position x="380" y="380"/>
                    </connection>
                  </connectionPointIn>
                </variable>
              </inputVariables>
              <inOutVariables/>
              <outputVariables>
                <variable formalParameter="Q">
                  <connectionPointOut>
                    <relPosition x="50" y="30"/>
                  </connectionPointOut>
                </variable>
                <variable formalParameter="ET">
                  <connectionPointOut>
                    <relPosition x="50" y="50"/>
                  </connectionPointOut>
                </variable>
              </outputVariables>
            </block>
            <inVariable localId="17" width="160" height="30" negated="false">
              <position x="220" y="360"/>
              <connectionPointOut>
                <relPosition x="160" y="20"/>
              </connectionPointOut>
              <expression>RetardoDispensador</expression>
            </inVariable>
            <coil localId="14" negated="false" storage="reset" width="21" height="20" executionOrderId="0">
              <position x="600" y="410"/>
              <connectionPointIn>
                <relPosition x="0" y="10"/>
                <connection refLocalId="16" formalParameter="Q">
                  <position x="600" y="420"/>
                  <position x="545" y="420"/>
                  <position x="545" y="340"/>
                  <position x="450" y="340"/>
                </connection>
              </connectionPointIn>
              <connectionPointOut>
                <relPosition x="21" y="10"/>
              </connectionPointOut>
              <variable>Q3</variable>
            </coil>
            <coil localId="19" negated="false" storage="reset" width="21" height="20" executionOrderId="0">
              <position x="600" y="330"/>
              <connectionPointIn>
                <relPosition x="0" y="10"/>
                <connection refLocalId="16" formalParameter="Q">
                  <position x="600" y="340"/>
                  <position x="450" y="340"/>
                </connection>
              </connectionPointIn>
              <connectionPointOut>
                <relPosition x="21" y="10"/>
              </connectionPointOut>
              <variable>Q1</variable>
            </coil>
            <coil localId="20" negated="false" storage="reset" width="21" height="20" executionOrderId="0">
              <position x="600" y="370"/>
              <connectionPointIn>
                <relPosition x="0" y="10"/>
                <connection refLocalId="16" formalParameter="Q">
                  <position x="600" y="380"/>
                  <position x="545" y="380"/>
                  <position x="545" y="340"/>
                  <position x="450" y="340"/>
                </connection>
              </connectionPointIn>
              <connectionPointOut>
                <relPosition x="21" y="10"/>
              </connectionPointOut>
              <variable>Q2</variable>
            </coil>
            <coil localId="21" negated="false" storage="set" width="21" height="20" executionOrderId="0">
              <position x="600" y="210"/>
              <connectionPointIn>
                <relPosition x="0" y="10"/>
                <connection refLocalId="9" formalParameter="Q">
                  <position x="600" y="220"/>
                  <position x="520" y="220"/>
                  <position x="520" y="160"/>
                  <position x="420" y="160"/>
                </connection>
              </connectionPointIn>
              <connectionPointOut>
                <relPosition x="21" y="10"/>
              </connectionPointOut>
              <variable>Q3</variable>
            </coil>
            <contact localId="18" negated="false" width="21" height="20" executionOrderId="0">
              <position x="110" y="610"/>
              <connectionPointIn>
                <relPosition x="0" y="10"/>
                <connection refLocalId="1">
                  <position x="110" y="620"/>
                  <position x="50" y="620"/>
                </connection>
              </connectionPointIn>
              <connectionPointOut>
                <relPosition x="21" y="10"/>
              </connectionPointOut>
              <variable>I0</variable>
            </contact>
            <coil localId="22" negated="false" storage="set" width="21" height="20" executionOrderId="0">
              <position x="600" y="450"/>
              <connectionPointIn>
                <relPosition x="0" y="10"/>
                <connection refLocalId="16" formalParameter="Q">
                  <position x="600" y="460"/>
                  <position x="525" y="460"/>
                  <position x="525" y="340"/>
                  <position x="450" y="340"/>
                </connection>
              </connectionPointIn>
              <connectionPointOut>
                <relPosition x="21" y="10"/>
              </connectionPointOut>
              <variable>M1</variable>
            </coil>
            <contact localId="23" negated="false" width="21" height="20" executionOrderId="0">
              <position x="190" y="610"/>
              <connectionPointIn>
                <relPosition x="0" y="10"/>
                <connection refLocalId="18">
                  <position x="190" y="620"/>
                  <position x="131" y="620"/>
                </connection>
              </connectionPointIn>
              <connectionPointOut>
                <relPosition x="21" y="10"/>
              </connectionPointOut>
              <variable>M1</variable>
            </contact>
            <contact localId="29" negated="false" width="21" height="20" executionOrderId="0">
              <position x="110" y="610"/>
              <connectionPointIn>
                <relPosition x="0" y="10"/>
              </connectionPointIn>
              <connectionPointOut>
                <relPosition x="21" y="10"/>
              </connectionPointOut>
              <variable>I0</variable>
            </contact>
            <contact localId="30" negated="false" width="21" height="20" executionOrderId="0">
              <position x="120" y="770"/>
              <connectionPointIn>
                <relPosition x="0" y="10"/>
                <connection refLocalId="1">
                  <position x="120" y="780"/>
                  <position x="50" y="780"/>
                </connection>
              </connectionPointIn>
              <connectionPointOut>
                <relPosition x="21" y="10"/>
              </connectionPointOut>
              <variable>I0</variable>
            </contact>
            <contact localId="31" negated="false" width="21" height="20" executionOrderId="0">
              <position x="200" y="770"/>
              <connectionPointIn>
                <relPosition x="0" y="10"/>
                <connection refLocalId="30">
                  <position x="200" y="780"/>
                  <position x="141" y="780"/>
                </connection>
              </connectionPointIn>
              <connectionPointOut>
                <relPosition x="21" y="10"/>
              </connectionPointOut>
              <variable>M2</variable>
            </contact>
            <contact localId="32" negated="false" width="21" height="20" executionOrderId="0">
              <position x="280" y="770"/>
              <connectionPointIn>
                <relPosition x="0" y="10"/>
                <connection refLocalId="31">
                  <position x="280" y="780"/>
                  <position x="221" y="780"/>
                </connection>
              </connectionPointIn>
              <connectionPointOut>
                <relPosition x="21" y="10"/>
              </connectionPointOut>
              <variable>I3</variable>
            </contact>
            <contact localId="37" negated="false" width="21" height="20" executionOrderId="0">
              <position x="100" y="1300"/>
              <connectionPointIn>
                <relPosition x="0" y="10"/>
                <connection refLocalId="43">
                  <position x="100" y="1310"/>
                  <position x="50" y="1310"/>
                </connection>
              </connectionPointIn>
              <connectionPointOut>
                <relPosition x="21" y="10"/>
              </connectionPointOut>
              <variable>I1</variable>
            </contact>
            <coil localId="38" negated="false" storage="reset" width="21" height="20" executionOrderId="0">
              <position x="340" y="1300"/>
              <connectionPointIn>
                <relPosition x="0" y="10"/>
                <connection refLocalId="37">
                  <position x="340" y="1310"/>
                  <position x="121" y="1310"/>
                </connection>
              </connectionPointIn>
              <connectionPointOut>
                <relPosition x="21" y="10"/>
              </connectionPointOut>
              <variable>Q1</variable>
            </coil>
            <coil localId="39" negated="false" storage="reset" width="21" height="20" executionOrderId="0">
              <position x="340" y="1340"/>
              <connectionPointIn>
                <relPosition x="0" y="10"/>
                <connection refLocalId="37">
                  <position x="340" y="1350"/>
                  <position x="230" y="1350"/>
                  <position x="230" y="1310"/>
                  <position x="121" y="1310"/>
                </connection>
              </connectionPointIn>
              <connectionPointOut>
                <relPosition x="21" y="10"/>
              </connectionPointOut>
              <variable>Q2</variable>
            </coil>
            <coil localId="40" negated="false" storage="reset" width="21" height="20" executionOrderId="0">
              <position x="340" y="1380"/>
              <connectionPointIn>
                <relPosition x="0" y="10"/>
                <connection refLocalId="37">
                  <position x="340" y="1390"/>
                  <position x="230" y="1390"/>
                  <position x="230" y="1310"/>
                  <position x="121" y="1310"/>
                </connection>
              </connectionPointIn>
              <connectionPointOut>
                <relPosition x="21" y="10"/>
              </connectionPointOut>
              <variable>Q3</variable>
            </coil>
            <leftPowerRail localId="43" width="10" height="200">
              <position x="40" y="1290"/>
              <connectionPointOut formalParameter="">
                <relPosition x="10" y="20"/>
              </connectionPointOut>
              <connectionPointOut formalParameter="">
                <relPosition x="10" y="60"/>
              </connectionPointOut>
              <connectionPointOut formalParameter="">
                <relPosition x="10" y="100"/>
              </connectionPointOut>
              <connectionPointOut formalParameter="">
                <relPosition x="10" y="140"/>
              </connectionPointOut>
              <connectionPointOut formalParameter="">
                <relPosition x="10" y="180"/>
              </connectionPointOut>
            </leftPowerRail>
            <rightPowerRail localId="44" width="10" height="280">
              <position x="680" y="1290"/>
              <connectionPointIn>
                <relPosition x="0" y="20"/>
                <connection refLocalId="38">
                  <position x="680" y="1310"/>
                  <position x="361" y="1310"/>
                </connection>
              </connectionPointIn>
              <connectionPointIn>
                <relPosition x="0" y="60"/>
                <connection refLocalId="39">
                  <position x="680" y="1350"/>
                  <position x="361" y="1350"/>
                </connection>
              </connectionPointIn>
              <connectionPointIn>
                <relPosition x="0" y="100"/>
                <connection refLocalId="40">
                  <position x="680" y="1390"/>
                  <position x="361" y="1390"/>
                </connection>
              </connectionPointIn>
              <connectionPointIn>
                <relPosition x="0" y="140"/>
              </connectionPointIn>
              <connectionPointIn>
                <relPosition x="0" y="180"/>
              </connectionPointIn>
              <connectionPointIn>
                <relPosition x="0" y="220"/>
                <connection refLocalId="48">
                  <position x="680" y="1510"/>
                  <position x="361" y="1510"/>
                </connection>
              </connectionPointIn>
              <connectionPointIn>
                <relPosition x="0" y="260"/>
                <connection refLocalId="47">
                  <position x="680" y="1550"/>
                  <position x="361" y="1550"/>
                </connection>
              </connectionPointIn>
            </rightPowerRail>
            <coil localId="47" negated="false" storage="reset" width="21" height="20" executionOrderId="0">
              <position x="340" y="1540"/>
              <connectionPointIn>
                <relPosition x="0" y="10"/>
                <connection refLocalId="37">
                  <position x="340" y="1550"/>
                  <position x="230" y="1550"/>
                  <position x="230" y="1310"/>
                  <position x="121" y="1310"/>
                </connection>
              </connectionPointIn>
              <connectionPointOut>
                <relPosition x="21" y="10"/>
              </connectionPointOut>
              <variable>M2</variable>
            </coil>
            <coil localId="48" negated="false" storage="reset" width="21" height="20" executionOrderId="0">
              <position x="340" y="1500"/>
              <connectionPointIn>
                <relPosition x="0" y="10"/>
                <connection refLocalId="37">
                  <position x="340" y="1510"/>
                  <position x="230" y="1510"/>
                  <position x="230" y="1310"/>
                  <position x="121" y="1310"/>
                </connection>
              </connectionPointIn>
              <connectionPointOut>
                <relPosition x="21" y="10"/>
              </connectionPointOut>
              <variable>M1</variable>
            </coil>
            <block localId="49" typeName="MOVE" width="60" height="60">
              <position x="260" y="590"/>
              <inputVariables>
                <variable formalParameter="EN">
                  <connectionPointIn>
                    <relPosition x="0" y="30"/>
                    <connection refLocalId="23">
                      <position x="260" y="620"/>
                      <position x="211" y="620"/>
                    </connection>
                  </connectionPointIn>
                </variable>
                <variable formalParameter="IN">
                  <connectionPointIn>
                    <relPosition x="0" y="50"/>
                    <connection refLocalId="50">
                      <position x="260" y="640"/>
                      <position x="240" y="640"/>
                      <position x="240" y="660"/>
                      <position x="220" y="660"/>
                    </connection>
                  </connectionPointIn>
                </variable>
              </inputVariables>
              <inOutVariables/>
              <outputVariables>
                <variable formalParameter="ENO">
                  <connectionPointOut>
                    <relPosition x="60" y="30"/>
                  </connectionPointOut>
                </variable>
                <variable formalParameter="OUT">
                  <connectionPointOut>
                    <relPosition x="60" y="50"/>
                  </connectionPointOut>
                </variable>
              </outputVariables>
            </block>
            <inVariable localId="50" width="110" height="30" negated="false">
              <position x="110" y="650"/>
              <connectionPointOut>
                <relPosition x="110" y="10"/>
              </connectionPointOut>
              <expression>1023</expression>
            </inVariable>
            <outVariable localId="24" width="110" height="30" negated="false">
              <position x="380" y="600"/>
              <connectionPointIn>
                <relPosition x="0" y="20"/>
                <connection refLocalId="49" formalParameter="OUT">
                  <position x="380" y="620"/>
                  <position x="360" y="620"/>
                  <position x="360" y="640"/>
                  <position x="320" y="640"/>
                </connection>
              </connectionPointIn>
              <expression>Q4</expression>
            </outVariable>
            <leftPowerRail localId="51" width="10" height="280">
              <position x="40" y="970"/>
              <connectionPointOut formalParameter="">
                <relPosition x="10" y="20"/>
              </connectionPointOut>
              <connectionPointOut formalParameter="">
                <relPosition x="10" y="60"/>
              </connectionPointOut>
              <connectionPointOut formalParameter="">
                <relPosition x="10" y="100"/>
              </connectionPointOut>
              <connectionPointOut formalParameter="">
                <relPosition x="10" y="140"/>
              </connectionPointOut>
              <connectionPointOut formalParameter="">
                <relPosition x="10" y="180"/>
              </connectionPointOut>
              <connectionPointOut formalParameter="">
                <relPosition x="10" y="220"/>
              </connectionPointOut>
              <connectionPointOut formalParameter="">
                <relPosition x="10" y="260"/>
              </connectionPointOut>
            </leftPowerRail>
            <rightPowerRail localId="52" width="10" height="280">
              <position x="940" y="980"/>
              <connectionPointIn>
                <relPosition x="0" y="20"/>
              </connectionPointIn>
              <connectionPointIn>
                <relPosition x="0" y="60"/>
                <connection refLocalId="27">
                  <position x="940" y="1040"/>
                  <position x="761" y="1040"/>
                </connection>
              </connectionPointIn>
              <connectionPointIn>
                <relPosition x="0" y="100"/>
                <connection refLocalId="46">
                  <position x="940" y="1080"/>
                  <position x="761" y="1080"/>
                </connection>
              </connectionPointIn>
              <connectionPointIn>
                <relPosition x="0" y="140"/>
              </connectionPointIn>
              <connectionPointIn>
                <relPosition x="0" y="180"/>
              </connectionPointIn>
              <connectionPointIn>
                <relPosition x="0" y="220"/>
              </connectionPointIn>
              <connectionPointIn>
                <relPosition x="0" y="260"/>
                <connection refLocalId="65">
                  <position x="940" y="1240"/>
                  <position x="760" y="1240"/>
                </connection>
              </connectionPointIn>
            </rightPowerRail>
            <block localId="25" typeName="TON" instanceName="TON1" width="50" height="60" executionOrderId="0">
              <position x="460" y="960"/>
              <inputVariables>
                <variable formalParameter="IN">
                  <connectionPointIn>
                    <relPosition x="0" y="30"/>
                    <connection refLocalId="53" formalParameter="OUT">
                      <position x="460" y="990"/>
                      <position x="320" y="990"/>
                    </connection>
                  </connectionPointIn>
                </variable>
                <variable formalParameter="PT">
                  <connectionPointIn>
                    <relPosition x="0" y="50"/>
                    <connection refLocalId="28">
                      <position x="460" y="1010"/>
                      <position x="450" y="1010"/>
                      <position x="450" y="1050"/>
                      <position x="440" y="1050"/>
                    </connection>
                  </connectionPointIn>
                </variable>
              </inputVariables>
              <inOutVariables/>
              <outputVariables>
                <variable formalParameter="Q">
                  <connectionPointOut>
                    <relPosition x="50" y="30"/>
                  </connectionPointOut>
                </variable>
                <variable formalParameter="ET">
                  <connectionPointOut>
                    <relPosition x="50" y="50"/>
                  </connectionPointOut>
                </variable>
              </outputVariables>
            </block>
            <inVariable localId="28" width="130" height="30" negated="false" executionOrderId="0">
              <position x="310" y="1040"/>
              <connectionPointOut>
                <relPosition x="130" y="10"/>
              </connectionPointOut>
              <expression>RetardoAgitador</expression>
            </inVariable>
            <coil localId="27" negated="false" storage="set" width="21" height="20" executionOrderId="0">
              <position x="740" y="1030"/>
              <connectionPointIn>
                <relPosition x="0" y="10"/>
                <connection refLocalId="25" formalParameter="Q">
                  <position x="740" y="1040"/>
                  <position x="545" y="1040"/>
                  <position x="545" y="990"/>
                  <position x="510" y="990"/>
                </connection>
              </connectionPointIn>
              <connectionPointOut>
                <relPosition x="21" y="10"/>
              </connectionPointOut>
              <variable>M2</variable>
            </coil>
            <coil localId="46" negated="false" storage="reset" width="21" height="20" executionOrderId="0">
              <position x="740" y="1070"/>
              <connectionPointIn>
                <relPosition x="0" y="10"/>
                <connection refLocalId="25" formalParameter="Q">
                  <position x="740" y="1080"/>
                  <position x="560" y="1080"/>
                  <position x="560" y="990"/>
                  <position x="510" y="990"/>
                </connection>
              </connectionPointIn>
              <connectionPointOut>
                <relPosition x="21" y="10"/>
              </connectionPointOut>
              <variable>M1</variable>
            </coil>
            <block localId="53" typeName="GE" width="70" height="60">
              <position x="250" y="960"/>
              <inputVariables>
                <variable formalParameter="IN1">
                  <connectionPointIn>
                    <relPosition x="0" y="30"/>
                    <connection refLocalId="54">
                      <position x="250" y="990"/>
                      <position x="200" y="990"/>
                    </connection>
                  </connectionPointIn>
                </variable>
                <variable formalParameter="IN2">
                  <connectionPointIn>
                    <relPosition x="0" y="50"/>
                    <connection refLocalId="55">
                      <position x="250" y="1010"/>
                      <position x="230" y="1010"/>
                      <position x="230" y="1030"/>
                      <position x="200" y="1030"/>
                    </connection>
                  </connectionPointIn>
                </variable>
              </inputVariables>
              <inOutVariables/>
              <outputVariables>
                <variable formalParameter="OUT">
                  <connectionPointOut>
                    <relPosition x="70" y="30"/>
                  </connectionPointOut>
                </variable>
              </outputVariables>
            </block>
            <inVariable localId="54" width="110" height="30" negated="false">
              <position x="90" y="970"/>
              <connectionPointOut>
                <relPosition x="110" y="20"/>
              </connectionPointOut>
              <expression>Q4</expression>
            </inVariable>
            <inVariable localId="55" width="110" height="30" negated="false" executionOrderId="0">
              <position x="90" y="1010"/>
              <connectionPointOut>
                <relPosition x="110" y="10"/>
              </connectionPointOut>
              <expression>900</expression>
            </inVariable>
            <block localId="26" typeName="MOVE" width="60" height="60" executionOrderId="0">
              <position x="650" y="960"/>
              <inputVariables>
                <variable formalParameter="EN">
                  <connectionPointIn>
                    <relPosition x="0" y="30"/>
                    <connection refLocalId="25" formalParameter="Q">
                      <position x="650" y="990"/>
                      <position x="510" y="990"/>
                    </connection>
                  </connectionPointIn>
                </variable>
                <variable formalParameter="IN">
                  <connectionPointIn>
                    <relPosition x="0" y="50"/>
                    <connection refLocalId="56">
                      <position x="650" y="1010"/>
                      <position x="635" y="1010"/>
                      <position x="635" y="1020"/>
                      <position x="620" y="1020"/>
                    </connection>
                  </connectionPointIn>
                </variable>
              </inputVariables>
              <inOutVariables/>
              <outputVariables>
                <variable formalParameter="ENO">
                  <connectionPointOut>
                    <relPosition x="60" y="30"/>
                  </connectionPointOut>
                </variable>
                <variable formalParameter="OUT">
                  <connectionPointOut>
                    <relPosition x="60" y="50"/>
                  </connectionPointOut>
                </variable>
              </outputVariables>
            </block>
            <inVariable localId="56" width="40" height="30" negated="false" executionOrderId="0">
              <position x="580" y="1000"/>
              <connectionPointOut>
                <relPosition x="40" y="20"/>
              </connectionPointOut>
              <expression>0</expression>
            </inVariable>
            <outVariable localId="57" width="110" height="30" negated="false" executionOrderId="0">
              <position x="800" y="950"/>
              <connectionPointIn>
                <relPosition x="0" y="10"/>
                <connection refLocalId="26" formalParameter="OUT">
                  <position x="800" y="960"/>
                  <position x="760" y="960"/>
                  <position x="760" y="1010"/>
                  <position x="710" y="1010"/>
                </connection>
              </connectionPointIn>
              <expression>Q4</expression>
            </outVariable>
            <block localId="41" typeName="MOVE" width="60" height="60" executionOrderId="0">
              <position x="380" y="700"/>
              <inputVariables>
                <variable formalParameter="EN">
                  <connectionPointIn>
                    <relPosition x="0" y="30"/>
                    <connection refLocalId="32">
                      <position x="380" y="730"/>
                      <position x="340" y="730"/>
                      <position x="340" y="780"/>
                      <position x="301" y="780"/>
                    </connection>
                  </connectionPointIn>
                </variable>
                <variable formalParameter="IN">
                  <connectionPointIn>
                    <relPosition x="0" y="50"/>
                    <connection refLocalId="59">
                      <position x="380" y="750"/>
                      <position x="370" y="750"/>
                      <position x="370" y="830"/>
                      <position x="360" y="830"/>
                    </connection>
                  </connectionPointIn>
                </variable>
              </inputVariables>
              <inOutVariables/>
              <outputVariables>
                <variable formalParameter="ENO">
                  <connectionPointOut>
                    <relPosition x="60" y="30"/>
                  </connectionPointOut>
                </variable>
                <variable formalParameter="OUT">
                  <connectionPointOut>
                    <relPosition x="60" y="50"/>
                  </connectionPointOut>
                </variable>
              </outputVariables>
            </block>
            <outVariable localId="58" width="110" height="30" negated="false" executionOrderId="0">
              <position x="480" y="680"/>
              <connectionPointIn>
                <relPosition x="0" y="20"/>
                <connection refLocalId="41" formalParameter="OUT">
                  <position x="480" y="700"/>
                  <position x="460" y="700"/>
                  <position x="460" y="750"/>
                  <position x="440" y="750"/>
                </connection>
              </connectionPointIn>
              <expression>Q5</expression>
            </outVariable>
            <inVariable localId="59" width="110" height="30" negated="false" executionOrderId="0">
              <position x="250" y="810"/>
              <connectionPointOut>
                <relPosition x="110" y="10"/>
              </connectionPointOut>
              <expression>1023</expression>
            </inVariable>
            <block localId="60" typeName="TON" instanceName="TON3" width="50" height="60" executionOrderId="0">
              <position x="460" y="1120"/>
              <inputVariables>
                <variable formalParameter="IN">
                  <connectionPointIn>
                    <relPosition x="0" y="30"/>
                    <connection refLocalId="61" formalParameter="OUT">
                      <position x="460" y="1150"/>
                      <position x="320" y="1150"/>
                    </connection>
                  </connectionPointIn>
                </variable>
                <variable formalParameter="PT">
                  <connectionPointIn>
                    <relPosition x="0" y="50"/>
                    <connection refLocalId="64">
                      <position x="460" y="1170"/>
                      <position x="450" y="1170"/>
                      <position x="450" y="1220"/>
                      <position x="440" y="1220"/>
                    </connection>
                  </connectionPointIn>
                </variable>
              </inputVariables>
              <inOutVariables/>
              <outputVariables>
                <variable formalParameter="Q">
                  <connectionPointOut>
                    <relPosition x="50" y="30"/>
                  </connectionPointOut>
                </variable>
                <variable formalParameter="ET">
                  <connectionPointOut>
                    <relPosition x="50" y="50"/>
                  </connectionPointOut>
                </variable>
              </outputVariables>
            </block>
            <block localId="61" typeName="GE" width="70" height="60" executionOrderId="0">
              <position x="250" y="1120"/>
              <inputVariables>
                <variable formalParameter="IN1">
                  <connectionPointIn>
                    <relPosition x="0" y="30"/>
                    <connection refLocalId="62">
                      <position x="250" y="1150"/>
                      <position x="225" y="1150"/>
                      <position x="225" y="1140"/>
                      <position x="200" y="1140"/>
                    </connection>
                  </connectionPointIn>
                </variable>
                <variable formalParameter="IN2">
                  <connectionPointIn>
                    <relPosition x="0" y="50"/>
                    <connection refLocalId="63">
                      <position x="250" y="1170"/>
                      <position x="230" y="1170"/>
                      <position x="230" y="1180"/>
                      <position x="200" y="1180"/>
                    </connection>
                  </connectionPointIn>
                </variable>
              </inputVariables>
              <inOutVariables/>
              <outputVariables>
                <variable formalParameter="OUT">
                  <connectionPointOut>
                    <relPosition x="70" y="30"/>
                  </connectionPointOut>
                </variable>
              </outputVariables>
            </block>
            <inVariable localId="62" width="110" height="30" negated="false" executionOrderId="0">
              <position x="90" y="1130"/>
              <connectionPointOut>
                <relPosition x="110" y="10"/>
              </connectionPointOut>
              <expression>Q5</expression>
            </inVariable>
            <inVariable localId="63" width="110" height="30" negated="false" executionOrderId="0">
              <position x="90" y="1170"/>
              <connectionPointOut>
                <relPosition x="110" y="10"/>
              </connectionPointOut>
              <expression>900</expression>
            </inVariable>
            <inVariable localId="64" width="130" height="30" negated="false" executionOrderId="0">
              <position x="310" y="1200"/>
              <connectionPointOut>
                <relPosition x="130" y="20"/>
              </connectionPointOut>
              <expression>RetardoVerter</expression>
            </inVariable>
            <coil localId="65" negated="false" storage="reset" width="21" height="20" executionOrderId="0">
              <position x="740" y="1230"/>
              <connectionPointIn>
                <relPosition x="0" y="10"/>
                <connection refLocalId="60" formalParameter="Q">
                  <position x="740" y="1240"/>
                  <position x="560" y="1240"/>
                  <position x="560" y="1150"/>
                  <position x="510" y="1150"/>
                </connection>
              </connectionPointIn>
              <connectionPointOut>
                <relPosition x="21" y="10"/>
              </connectionPointOut>
              <variable>M2</variable>
            </coil>
            <block localId="66" typeName="MOVE" width="60" height="60" executionOrderId="0">
              <position x="650" y="1120"/>
              <inputVariables>
                <variable formalParameter="EN">
                  <connectionPointIn>
                    <relPosition x="0" y="30"/>
                    <connection refLocalId="60" formalParameter="Q">
                      <position x="650" y="1150"/>
                      <position x="510" y="1150"/>
                    </connection>
                  </connectionPointIn>
                </variable>
                <variable formalParameter="IN">
                  <connectionPointIn>
                    <relPosition x="0" y="50"/>
                    <connection refLocalId="67">
                      <position x="650" y="1170"/>
                      <position x="635" y="1170"/>
                      <position x="635" y="1180"/>
                      <position x="620" y="1180"/>
                    </connection>
                  </connectionPointIn>
                </variable>
              </inputVariables>
              <inOutVariables/>
              <outputVariables>
                <variable formalParameter="ENO">
                  <connectionPointOut>
                    <relPosition x="60" y="30"/>
                  </connectionPointOut>
                </variable>
                <variable formalParameter="OUT">
                  <connectionPointOut>
                    <relPosition x="60" y="50"/>
                  </connectionPointOut>
                </variable>
              </outputVariables>
            </block>
            <inVariable localId="67" width="40" height="30" negated="false" executionOrderId="0">
              <position x="580" y="1160"/>
              <connectionPointOut>
                <relPosition x="40" y="20"/>
              </connectionPointOut>
              <expression>0</expression>
            </inVariable>
            <outVariable localId="68" width="110" height="30" negated="false" executionOrderId="0">
              <position x="800" y="1110"/>
              <connectionPointIn>
                <relPosition x="0" y="10"/>
                <connection refLocalId="66" formalParameter="OUT">
                  <position x="800" y="1120"/>
                  <position x="760" y="1120"/>
                  <position x="760" y="1170"/>
                  <position x="710" y="1170"/>
                </connection>
              </connectionPointIn>
              <expression>Q5</expression>
            </outVariable>
          </LD>
        </body>
      </pou>
    </pous>
  </types>
  <instances>
    <configurations>
      <configuration name="Config0">
        <resource name="Res0">
          <task name="task0" priority="0" interval="T#20ms">
            <pouInstance name="instance0" typeName="parcial_2"/>
          </task>
        </resource>
      </configuration>
    </configurations>
  </instances>
</project>
